{
  "volume": 0.07333333333333333,
  "music_volume": 0.06666666666666667,
  "sound_volume": 0.03,
  "fullscreen": false,
  "window_size": [
    960,
    540
  ]
}