{
  "volume": 0.7433333333333333,
  "music_volume": 0.6266666666666667,
  "sound_volume": 0.31,
  "fullscreen": false,
  "window_size": [
    960,
    540
  ]
}